experiment,slice,metric,k,value
als_lambdamart,random,ndcg,5,0.43734244972940306
als_lambdamart,random,mrr,5,0.5119679380873411
als_lambdamart,random,map,5,0.3546849087893864
als_lambdamart,random,recall,5,0.511608623548922
als_lambdamart,random,ndcg,10,0.5089308466566107
als_lambdamart,random,mrr,10,0.530932638395325
als_lambdamart,random,map,10,0.3933105635841954
als_lambdamart,random,recall,10,0.6923714759535655
als_lambdamart,random,ndcg,20,0.5531077704964589
als_lambdamart,random,mrr,20,0.5371676758182696
als_lambdamart,random,map,20,0.40994953771598797
als_lambdamart,random,recall,20,0.8349917081260365
als_lambdamart,hard,ndcg,5,0.22175528314275375
als_lambdamart,hard,mrr,5,0.26420674405749034
als_lambdamart,hard,map,5,0.16430348258706468
als_lambdamart,hard,recall,5,0.2802653399668325
als_lambdamart,hard,ndcg,10,0.27858908221248974
als_lambdamart,hard,mrr,10,0.2884591592303035
als_lambdamart,hard,map,10,0.1904093948248177
als_lambdamart,hard,recall,10,0.42371475953565507
als_lambdamart,hard,ndcg,20,0.3347175061803886
als_lambdamart,hard,mrr,20,0.3016089195355403
als_lambdamart,hard,map,20,0.20859316502886577
als_lambdamart,hard,recall,20,0.6061359867330016
als_lambdamart,cold,ndcg,5,0.5047865179918729
als_lambdamart,cold,mrr,5,0.5909249563699825
als_lambdamart,cold,map,5,0.4232111692844678
als_lambdamart,cold,recall,5,0.5680628272251309
als_lambdamart,cold,ndcg,10,0.5723433545832546
als_lambdamart,cold,mrr,10,0.608023767971412
als_lambdamart,cold,map,10,0.4612108368652872
als_lambdamart,cold,recall,10,0.7356020942408377
als_lambdamart,cold,ndcg,20,0.6216057687050845
als_lambdamart,cold,mrr,20,0.6124551541505249
als_lambdamart,cold,map,20,0.4815557922793549
als_lambdamart,cold,recall,20,0.8926701570680629
als_lambdamart,active,ndcg,5,0.4060759035203452
als_lambdamart,active,mrr,5,0.4753640776699029
als_lambdamart,active,map,5,0.32291666666666663
als_lambdamart,active,recall,5,0.4854368932038835
als_lambdamart,active,ndcg,10,0.4795333005061519
als_lambdamart,active,mrr,10,0.495193789489906
als_lambdamart,active,map,10,0.36183252427184465
als_lambdamart,active,recall,10,0.6723300970873787
als_lambdamart,active,ndcg,20,0.521352630550227
als_lambdamart,active,mrr,20,0.5022649856205493
als_lambdamart,active,map,20,0.37675343426549507
als_lambdamart,active,recall,20,0.808252427184466
two_tower_lambdamart,random,ndcg,5,0.4415787115100599
two_tower_lambdamart,random,mrr,5,0.4956605859590934
two_tower_lambdamart,random,map,5,0.355375898286346
two_tower_lambdamart,random,recall,5,0.5373134328358209
two_tower_lambdamart,random,ndcg,10,0.5048102551616408
two_tower_lambdamart,random,mrr,10,0.5129247940193215
two_tower_lambdamart,random,map,10,0.38973255416041486
two_tower_lambdamart,random,recall,10,0.6956882255389718
two_tower_lambdamart,random,ndcg,20,0.5506349768558639
two_tower_lambdamart,random,mrr,20,0.5185499411018488
two_tower_lambdamart,random,map,20,0.4077199723088892
two_tower_lambdamart,random,recall,20,0.8424543946932007
two_tower_lambdamart,hard,ndcg,5,0.24440386043349685
two_tower_lambdamart,hard,mrr,5,0.29715312327252624
two_tower_lambdamart,hard,map,5,0.18226920950801548
two_tower_lambdamart,hard,recall,5,0.30265339966832505
two_tower_lambdamart,hard,ndcg,10,0.30858375823011247
two_tower_lambdamart,hard,mrr,10,0.32254270973176447
two_tower_lambdamart,hard,map,10,0.21314953012714208
two_tower_lambdamart,hard,recall,10,0.4635157545605307
two_tower_lambdamart,hard,ndcg,20,0.36816532869750623
two_tower_lambdamart,hard,mrr,20,0.3343092777193558
two_tower_lambdamart,hard,map,20,0.23388374634437278
two_tower_lambdamart,hard,recall,20,0.6558872305140961
two_tower_lambdamart,cold,ndcg,5,0.5128783649418863
two_tower_lambdamart,cold,mrr,5,0.5701570680628273
two_tower_lambdamart,cold,map,5,0.42766143106457244
two_tower_lambdamart,cold,recall,5,0.6047120418848168
two_tower_lambdamart,cold,ndcg,10,0.5749790990763929
two_tower_lambdamart,cold,mrr,10,0.5834309814676307
two_tower_lambdamart,cold,map,10,0.46364476855314546
two_tower_lambdamart,cold,recall,10,0.7591623036649214
two_tower_lambdamart,cold,ndcg,20,0.6115395260699834
two_tower_lambdamart,cold,mrr,20,0.5872917265125458
two_tower_lambdamart,cold,map,20,0.47813216321515484
two_tower_lambdamart,cold,recall,20,0.8769633507853403
two_tower_lambdamart,active,ndcg,5,0.4085247459627812
two_tower_lambdamart,active,mrr,5,0.4611245954692557
two_tower_lambdamart,active,map,5,0.3218648867313916
two_tower_lambdamart,active,recall,5,0.5060679611650486
two_tower_lambdamart,active,ndcg,10,0.4722805241234911
two_tower_lambdamart,active,mrr,10,0.48023867313915863
two_tower_lambdamart,active,map,10,0.35546742564339656
two_tower_lambdamart,active,recall,10,0.6662621359223301
two_tower_lambdamart,active,ndcg,20,0.5224001008852406
two_tower_lambdamart,active,mrr,20,0.4866817833022295
two_tower_lambdamart,active,map,20,0.37507742749554757
two_tower_lambdamart,active,recall,20,0.8264563106796117
two_tower_neural:bpr,random,ndcg,5,0.3745349661467947
two_tower_neural:bpr,random,mrr,5,0.4231896075179657
two_tower_neural:bpr,random,map,5,0.29398839137645105
two_tower_neural:bpr,random,recall,5,0.4660033167495854
two_tower_neural:bpr,random,ndcg,10,0.43953204519008976
two_tower_neural:bpr,random,mrr,10,0.4428420068967332
two_tower_neural:bpr,random,map,10,0.32810122667087843
two_tower_neural:bpr,random,recall,10,0.6293532338308457
two_tower_neural:bpr,random,ndcg,20,0.4907663525045452
two_tower_neural:bpr,random,mrr,20,0.45091342970811726
two_tower_neural:bpr,random,map,20,0.34706748904615997
two_tower_neural:bpr,random,recall,20,0.7943615257048093
two_tower_neural:bpr,hard,ndcg,5,0.19700206197881667
two_tower_neural:bpr,hard,mrr,5,0.23819789939192923
two_tower_neural:bpr,hard,map,5,0.14140409065782197
two_tower_neural:bpr,hard,recall,5,0.2537313432835821
two_tower_neural:bpr,hard,ndcg,10,0.2537029954683596
two_tower_neural:bpr,hard,mrr,10,0.26022993498117875
two_tower_neural:bpr,hard,map,10,0.16838723051409618
two_tower_neural:bpr,hard,recall,10,0.39718076285240467
two_tower_neural:bpr,hard,ndcg,20,0.31104569062825116
two_tower_neural:bpr,hard,mrr,20,0.2749072408493954
two_tower_neural:bpr,hard,map,20,0.18695545422581683
two_tower_neural:bpr,hard,recall,20,0.5812603648424544
two_tower_neural:bpr,cold,ndcg,5,0.46072400422641974
two_tower_neural:bpr,cold,mrr,5,0.5093368237347294
two_tower_neural:bpr,cold,map,5,0.3774432809773124
two_tower_neural:bpr,cold,recall,5,0.5575916230366492
two_tower_neural:bpr,cold,ndcg,10,0.5205714070650851
two_tower_neural:bpr,cold,mrr,10,0.5244120335743373
two_tower_neural:bpr,cold,map,10,0.40984584060500295
two_tower_neural:bpr,cold,recall,10,0.7094240837696335
two_tower_neural:bpr,cold,ndcg,20,0.560910519450473
two_tower_neural:bpr,cold,mrr,20,0.5301246283645017
two_tower_neural:bpr,cold,map,20,0.42555777100346576
two_tower_neural:bpr,cold,recall,20,0.837696335078534
two_tower_neural:bpr,active,ndcg,5,0.33457839752250257
two_tower_neural:bpr,active,mrr,5,0.38325242718446606
two_tower_neural:bpr,active,map,5,0.25529935275080906
two_tower_neural:bpr,active,recall,5,0.42354368932038833
two_tower_neural:bpr,active,ndcg,10,0.4019628264567788
two_tower_neural:bpr,active,mrr,10,0.40502677608260135
two_tower_neural:bpr,active,map,10,0.29020505856064105
two_tower_neural:bpr,active,recall,10,0.5922330097087378
two_tower_neural:bpr,active,ndcg,20,0.4582480615174766
two_tower_neural:bpr,active,mrr,20,0.4141917332436284
two_tower_neural:bpr,active,map,20,0.31068000396401085
two_tower_neural:bpr,active,recall,20,0.7742718446601942
two_tower_neural:listmle,random,ndcg,5,0.3843543129518006
two_tower_neural:listmle,random,mrr,5,0.43208955223880596
two_tower_neural:listmle,random,map,5,0.3061221669430625
two_tower_neural:listmle,random,recall,5,0.47180762852404645
two_tower_neural:listmle,random,ndcg,10,0.4449760521674062
two_tower_neural:listmle,random,mrr,10,0.4497203137750401
two_tower_neural:listmle,random,map,10,0.3385555687172602
two_tower_neural:listmle,random,recall,10,0.6235489220563848
two_tower_neural:listmle,random,ndcg,20,0.4898184547073371
two_tower_neural:listmle,random,mrr,20,0.457398904438667
two_tower_neural:listmle,random,map,20,0.354896218139695
two_tower_neural:listmle,random,recall,20,0.7678275290215588
two_tower_neural:listmle,hard,ndcg,5,0.11162458072424457
two_tower_neural:listmle,hard,mrr,5,0.13148148148148148
two_tower_neural:listmle,hard,map,5,0.07676893311221669
two_tower_neural:listmle,hard,recall,5,0.1517412935323383
two_tower_neural:listmle,hard,ndcg,10,0.16213885631956157
two_tower_neural:listmle,hard,mrr,10,0.15459804153834006
two_tower_neural:listmle,hard,map,10,0.09845514491036879
two_tower_neural:listmle,hard,recall,10,0.2810945273631841
two_tower_neural:listmle,hard,ndcg,20,0.21280313010926102
two_tower_neural:listmle,hard,mrr,20,0.16824974225510245
two_tower_neural:listmle,hard,map,20,0.11431696467893193
two_tower_neural:listmle,hard,recall,20,0.4444444444444444
two_tower_neural:listmle,cold,ndcg,5,0.4638218545035181
two_tower_neural:listmle,cold,mrr,5,0.5176265270506109
two_tower_neural:listmle,cold,map,5,0.38534031413612563
two_tower_neural:listmle,cold,recall,5,0.5471204188481675
two_tower_neural:listmle,cold,ndcg,10,0.5185236621931377
two_tower_neural:listmle,cold,mrr,10,0.5339794731155988
two_tower_neural:listmle,cold,map,10,0.4136946314302335
two_tower_neural:listmle,cold,recall,10,0.6858638743455497
two_tower_neural:listmle,cold,ndcg,20,0.5641777706407504
two_tower_neural:listmle,cold,mrr,20,0.5403249985479736
two_tower_neural:listmle,cold,map,20,0.43182239611777806
two_tower_neural:listmle,cold,recall,20,0.8298429319371727
two_tower_neural:listmle,active,ndcg,5,0.34751377791204796
two_tower_neural:listmle,active,mrr,5,0.39243527508090614
two_tower_neural:listmle,active,map,5,0.26939724919093855
two_tower_neural:listmle,active,recall,5,0.4368932038834951
two_tower_neural:listmle,active,ndcg,10,0.41087995140305017
two_tower_neural:listmle,active,mrr,10,0.4106584219448297
two_tower_neural:listmle,active,map,10,0.3037216828478964
two_tower_neural:listmle,active,recall,10,0.5946601941747572
two_tower_neural:listmle,active,ndcg,20,0.45534605338869166
two_tower_neural:listmle,active,mrr,20,0.41895501129576024
two_tower_neural:listmle,active,map,20,0.31923383951393314
two_tower_neural:listmle,active,recall,20,0.7390776699029126
two_tower_neural:listnet,random,ndcg,5,0.38677309324739056
two_tower_neural:listnet,random,mrr,5,0.4475400773908237
two_tower_neural:listnet,random,map,5,0.3091487009397457
two_tower_neural:listnet,random,recall,5,0.4635157545605307
two_tower_neural:listnet,random,ndcg,10,0.45383981890687275
two_tower_neural:listnet,random,mrr,10,0.4674991444891943
two_tower_neural:listnet,random,map,10,0.34491793677117055
two_tower_neural:listnet,random,recall,10,0.6310116086235489
two_tower_neural:listnet,random,ndcg,20,0.5005597018048639
two_tower_neural:listnet,random,mrr,20,0.47485580535250915
two_tower_neural:listnet,random,map,20,0.36231349169647226
two_tower_neural:listnet,random,recall,20,0.7810945273631841
two_tower_neural:listnet,hard,ndcg,5,0.19319553088331706
two_tower_neural:listnet,hard,mrr,5,0.23573797678275288
two_tower_neural:listnet,hard,map,5,0.13934494195688227
two_tower_neural:listnet,hard,recall,5,0.2462686567164179
two_tower_neural:listnet,hard,ndcg,10,0.25442854589052927
two_tower_neural:listnet,hard,mrr,10,0.26069454315722973
two_tower_neural:listnet,hard,map,10,0.16782061912658927
two_tower_neural:listnet,hard,recall,10,0.4013266998341625
two_tower_neural:listnet,hard,ndcg,20,0.3142989503528738
two_tower_neural:listnet,hard,mrr,20,0.27426467666752313
two_tower_neural:listnet,hard,map,20,0.18781316959004374
two_tower_neural:listnet,hard,recall,20,0.5945273631840796
two_tower_neural:listnet,cold,ndcg,5,0.4668077691652839
two_tower_neural:listnet,cold,mrr,5,0.5275741710296683
two_tower_neural:listnet,cold,map,5,0.38699825479930194
two_tower_neural:listnet,cold,recall,5,0.5471204188481675
two_tower_neural:listnet,cold,ndcg,10,0.5365743041438481
two_tower_neural:listnet,cold,mrr,10,0.5451986204604006
two_tower_neural:listnet,cold,map,10,0.4253189146513754
two_tower_neural:listnet,cold,recall,10,0.7225130890052356
two_tower_neural:listnet,cold,ndcg,20,0.5711225276168898
two_tower_neural:listnet,cold,mrr,20,0.5490253666947134
two_tower_neural:listnet,cold,map,20,0.4385794277250764
two_tower_neural:listnet,cold,recall,20,0.8350785340314136
two_tower_neural:listnet,active,ndcg,5,0.349669639120406
two_tower_neural:listnet,active,mrr,5,0.41043689320388355
two_tower_neural:listnet,active,map,5,0.27305825242718446
two_tower_neural:listnet,active,recall,5,0.42475728155339804
two_tower_neural:listnet,active,ndcg,10,0.41548475414895447
two_tower_neural:listnet,active,mrr,10,0.4314782709200185
two_tower_neural:listnet,active,map,10,0.3076446678995223
two_tower_neural:listnet,active,recall,10,0.5885922330097088
two_tower_neural:listnet,active,ndcg,20,0.4678473238191918
two_tower_neural:listnet,active,mrr,20,0.4404713727885262
two_tower_neural:listnet,active,map,20,0.32695719611039614
two_tower_neural:listnet,active,recall,20,0.7560679611650486
two_tower_neural:ranknet,random,ndcg,5,0.3629090519660119
two_tower_neural:ranknet,random,mrr,5,0.41467661691542285
two_tower_neural:ranknet,random,map,5,0.284093421779989
two_tower_neural:ranknet,random,recall,5,0.44859038142620233
two_tower_neural:ranknet,random,ndcg,10,0.43391011372063876
two_tower_neural:ranknet,random,mrr,10,0.4355300218484298
two_tower_neural:ranknet,random,map,10,0.3214397588775698
two_tower_neural:ranknet,random,recall,10,0.6276948590381426
two_tower_neural:ranknet,random,ndcg,20,0.4821946020900414
two_tower_neural:ranknet,random,mrr,20,0.4427982263477773
two_tower_neural:ranknet,random,map,20,0.33960656126019323
two_tower_neural:ranknet,random,recall,20,0.7827529021558872
two_tower_neural:ranknet,hard,ndcg,5,0.19506776351205976
two_tower_neural:ranknet,hard,mrr,5,0.23485351022664458
two_tower_neural:ranknet,hard,map,5,0.13887506909894967
two_tower_neural:ranknet,hard,recall,5,0.2537313432835821
two_tower_neural:ranknet,hard,ndcg,10,0.24956528741093192
two_tower_neural:ranknet,hard,mrr,10,0.25522519676748534
two_tower_neural:ranknet,hard,map,10,0.1649951301692595
two_tower_neural:ranknet,hard,recall,10,0.3922056384742952
two_tower_neural:ranknet,hard,ndcg,20,0.31285845550850694
two_tower_neural:ranknet,hard,mrr,20,0.27057581131907643
two_tower_neural:ranknet,hard,map,20,0.18547338639678798
two_tower_neural:ranknet,hard,recall,20,0.5970149253731343
two_tower_neural:ranknet,cold,ndcg,5,0.4438820435988075
two_tower_neural:ranknet,cold,mrr,5,0.4919720767888307
two_tower_neural:ranknet,cold,map,5,0.36273996509598605
two_tower_neural:ranknet,cold,recall,5,0.5366492146596858
two_tower_neural:ranknet,cold,ndcg,10,0.5150012491651612
two_tower_neural:ranknet,cold,mrr,10,0.5096463890966508
two_tower_neural:ranknet,cold,map,10,0.40130993933349957
two_tower_neural:ranknet,cold,recall,10,0.7172774869109948
two_tower_neural:ranknet,cold,ndcg,20,0.5513406390970741
two_tower_neural:ranknet,cold,mrr,20,0.5141739772536621
two_tower_neural:ranknet,cold,map,20,0.4158442233918787
two_tower_neural:ranknet,cold,recall,20,0.8324607329842932
two_tower_neural:ranknet,active,ndcg,5,0.3253706019614878
two_tower_neural:ranknet,active,mrr,5,0.37884304207119734
two_tower_neural:ranknet,active,map,5,0.24763349514563107
two_tower_neural:ranknet,active,recall,5,0.4077669902912621
two_tower_neural:ranknet,active,ndcg,10,0.39631689316261975
two_tower_neural:ranknet,active,mrr,10,0.4011702496532593
two_tower_neural:ranknet,active,map,10,0.284412563569117
two_tower_neural:ranknet,active,recall,10,0.5861650485436893
two_tower_neural:ranknet,active,ndcg,20,0.4501390363901791
two_tower_neural:ranknet,active,mrr,20,0.4097089826025735
two_tower_neural:ranknet,active,map,20,0.30426337323312547
two_tower_neural:ranknet,active,recall,20,0.7597087378640777
